{"cameraMode":{"drawMode":0,"name":"Shaded","section":"Shading Mode"},"sceneLighting":true,"audioPlay":false,"sceneViewState":{"m_AlwaysRefresh":false,"showFog":true,"showSkybox":true,"showFlares":true,"showImageEffects":true,"showParticleSystems":true,"showVisualEffectGraphs":true,"m_FxEnabled":true},"in2DMode":false,"pivot":{"x":-5.864950656890869,"y":-1.4593639373779297,"z":7.284230709075928},"rotation":{"x":0.11919759213924408,"y":-0.11707230657339096,"z":0.014118612743914128,"w":0.9859336018562317},"size":9.631092071533204,"orthographic":false}